date,open,high,low,close,volume
2026-04-07T00:00:00-04:00,36.304,37.137,35.78,36.057,193437888.0
2026-04-06T00:00:00-04:00,36.849,37.748,36.021,36.304,189489376.0
2026-04-05T00:00:00-04:00,36.386,36.992,35.158,36.851,145405040.0
2026-04-04T00:00:00-04:00,35.616,36.547,35.524,36.385,100474392.0
2026-04-03T00:00:00-04:00,35.2,36.108,35.104,35.616,160824646.0
2026-04-02T00:00:00-04:00,36.002,36.281,34.46,35.199,280306589.0
2026-04-01T00:00:00-04:00,36.566,37.761,35.863,36.002,275443040.0
2026-03-31T00:00:00-04:00,36.813,37.61,35.664,36.566,362978692.0
2026-03-30T00:00:00-04:00,37.819,38.781,36.503,36.814,249592815.0
2026-03-29T00:00:00-04:00,39.45,40.03,37.751,37.819,181330224.0
2026-03-28T00:00:00-04:00,38.665,40.256,37.978,39.452,186258686.0
2026-03-27T00:00:00-04:00,39.148,39.406,37.903,38.666,238417856.0
2026-03-26T00:00:00-04:00,40.303,40.355,38.303,39.146,254012523.0
2026-03-25T00:00:00-04:00,40.351,41.553,39.678,40.303,304404664.0
2026-03-24T00:00:00-04:00,37.361,40.444,37.265,40.351,356127328.0
2026-03-23T00:00:00-04:00,38.353,39.475,36.764,37.359,489087883.0
2026-03-22T00:00:00-04:00,39.164,39.507,37.484,38.353,291484064.0
2026-03-21T00:00:00-04:00,39.551,40.455,38.954,39.164,189730688.0
2026-03-20T00:00:00-04:00,39.353,40.748,38.414,39.551,352380343.0
2026-03-19T00:00:00-04:00,42.126,42.25,38.642,39.353,588313308.0
2026-03-18T00:00:00-04:00,41.166,43.744,40.246,42.126,588313308.0
2026-03-17T00:00:00-04:00,40.798,42.133,39.66,41.166,516791667.0
2026-03-16T00:00:00-04:00,37.281,41.422,37.267,40.797,535442176.0
2026-03-15T00:00:00-04:00,37.831,38.268,36.829,37.282,269902664.0
2026-03-14T00:00:00-04:00,36.468,38.855,36.387,37.831,269902664.0
2026-03-13T00:00:00-04:00,37.294,38.507,36.01,36.468,470503277.0
2026-03-12T00:00:00-04:00,36.231,38.029,35.82,37.294,405302880.0
2026-03-11T00:00:00-04:00,34.188,36.997,34.09,36.231,418669536.0
2026-03-10T00:00:00-04:00,34.682,35.199,33.52,34.188,357349205.0
2026-03-09T00:00:00-04:00,30.716,35.363,30.273,34.682,525604800.0
2026-03-08T00:00:00-05:00,30.301,31.218,29.71,30.716,205177536.0
2026-03-07T00:00:00-05:00,31.021,31.103,29.818,30.302,174169533.0
2026-03-06T00:00:00-05:00,30.548,31.314,29.476,31.021,250958488.0
2026-03-05T00:00:00-05:00,32.172,32.259,30.26,30.546,250958488.0
2026-03-04T00:00:00-05:00,31.306,33.213,30.759,32.172,313863474.0
2026-03-03T00:00:00-05:00,32.815,33.55,30.83,31.306,313990065.0
2026-03-02T00:00:00-05:00,31.559,33.672,29.985,32.817,418908637.0
2026-03-01T00:00:00-05:00,31.21,32.27,30.203,31.559,342160768.0
2026-02-28T00:00:00-05:00,27.304,31.34,26.119,31.21,395154912.0
2026-02-27T00:00:00-05:00,28.127,29.918,26.764,27.304,258436275.0
2026-02-26T00:00:00-05:00,27.893,29.387,27.738,28.127,284681558.0
2026-02-25T00:00:00-05:00,27.098,29.06,26.776,27.893,345264896.0
2026-02-24T00:00:00-05:00,26.379,27.422,25.634,27.098,213024704.0
2026-02-23T00:00:00-05:00,29.024,29.044,25.652,26.379,295077720.0
2026-02-22T00:00:00-05:00,29.737,29.952,28.707,29.024,149219216.0
2026-02-21T00:00:00-05:00,30.348,30.549,29.56,29.738,101689561.0
2026-02-20T00:00:00-05:00,29.008,30.416,28.632,30.348,231579272.0
2026-02-19T00:00:00-05:00,28.683,29.387,27.765,29.009,196029808.0
2026-02-18T00:00:00-05:00,29.497,29.755,28.245,28.683,205611822.0
2026-02-17T00:00:00-05:00,31.228,31.379,29.036,29.497,205611822.0
2026-02-16T00:00:00-05:00,30.716,31.229,29.558,31.228,196019257.0
2026-02-15T00:00:00-05:00,31.83,31.997,30.291,30.716,202704412.0
2026-02-14T00:00:00-05:00,31.574,32.287,30.742,31.829,214091680.0
2026-02-13T00:00:00-05:00,31.068,32.301,30.006,31.565,273811123.0
2026-02-12T00:00:00-05:00,29.388,31.805,29.292,31.068,305218816.0
2026-02-11T00:00:00-05:00,28.834,30.194,28.311,29.388,341587383.0
2026-02-10T00:00:00-05:00,31.331,31.551,28.764,28.834,305114144.0
2026-02-09T00:00:00-05:00,32.427,33.493,30.92,31.331,327955431.0
2026-02-08T00:00:00-05:00,31.408,32.995,30.513,32.427,336356256.0
2026-02-07T00:00:00-05:00,32.341,33.82,31.009,31.402,502510021.0
2026-02-06T00:00:00-05:00,33.022,36.755,31.405,32.341,1017074958.0
2026-02-05T00:00:00-05:00,35.465,35.465,31.025,33.022,1281247232.0
2026-02-04T00:00:00-05:00,32.671,36.234,32.384,35.465,793204288.0
2026-02-03T00:00:00-05:00,33.277,38.361,32.281,32.673,1189294112.0
2026-02-02T00:00:00-05:00,30.555,33.951,29.516,33.277,1189294112.0
2026-02-01T00:00:00-05:00,30.974,32.52,28.458,30.555,687627520.0
2026-01-31T00:00:00-05:00,30.586,32.084,27.479,30.976,784719808.0
2026-01-30T00:00:00-05:00,30.766,32.844,28.148,30.586,810628849.0
2026-01-29T00:00:00-05:00,34.392,34.498,30.394,30.766,858188828.0
2026-01-28T00:00:00-05:00,30.809,34.791,30.72,34.392,858188828.0
2026-01-27T00:00:00-05:00,24.912,30.967,24.879,30.809,806840192.0
2026-01-26T00:00:00-05:00,22.176,25.289,21.832,24.912,393867584.0
2026-01-25T00:00:00-05:00,23.193,23.392,21.627,22.176,213653440.0
2026-01-24T00:00:00-05:00,22.627,23.729,22.588,23.193,125764612.0
2026-01-23T00:00:00-05:00,21.441,23.038,20.828,22.627,245875376.0
2026-01-22T00:00:00-05:00,21.517,22.204,21.124,21.441,172215668.0
2026-01-21T00:00:00-05:00,20.975,22.064,20.488,21.517,269463047.0
2026-01-20T00:00:00-05:00,23.717,23.846,20.851,20.975,343053472.0
2026-01-19T00:00:00-05:00,24.462,24.467,23.192,23.717,222276684.0
2026-01-18T00:00:00-05:00,25.418,26.115,24.411,24.462,188902272.0
2026-01-17T00:00:00-05:00,24.996,25.814,24.769,25.418,93351128.0
2026-01-16T00:00:00-05:00,24.744,25.227,24.507,24.996,133238581.0
2026-01-15T00:00:00-05:00,25.962,26.102,24.366,24.744,241332753.0
2026-01-14T00:00:00-05:00,25.727,26.861,25.606,25.963,252578128.0
2026-01-13T00:00:00-05:00,23.742,25.818,23.725,25.727,241549360.0
2026-01-12T00:00:00-05:00,24.412,25.383,23.121,23.742,225368972.0
2026-01-11T00:00:00-05:00,24.028,24.657,23.981,24.412,116607720.0
2026-01-10T00:00:00-05:00,25.073,25.076,23.791,24.028,126096514.0
2026-01-09T00:00:00-05:00,25.674,26.195,24.95,25.073,206806560.0
2026-01-08T00:00:00-05:00,26.874,27.062,25.585,25.674,187574112.0
2026-01-07T00:00:00-05:00,28.251,28.379,26.471,26.874,224322802.0
2026-01-06T00:00:00-05:00,26.498,28.39,26.11,28.25,343596104.0
2026-01-05T00:00:00-05:00,26.862,27.478,25.792,26.498,292721721.0
2026-01-04T00:00:00-05:00,25.372,26.876,24.857,26.861,225814464.0
2026-01-03T00:00:00-05:00,24.583,25.429,24.286,25.372,190733569.0
2026-01-02T00:00:00-05:00,24.221,24.971,24.068,24.583,226226059.0
2026-01-01T00:00:00-05:00,25.441,26.054,23.793,24.221,226226059.0
2025-12-31T00:00:00-05:00,25.949,26.221,25.29,25.439,220287707.0
2025-12-30T00:00:00-05:00,25.783,26.671,25.365,25.948,195607039.0
2025-12-29T00:00:00-05:00,25.348,26.397,25.251,25.784,195607039.0
2025-12-28T00:00:00-05:00,25.952,26.305,24.83,25.349,161309984.0
2025-12-27T00:00:00-05:00,25.78,26.408,25.382,25.951,114650219.0
2025-12-26T00:00:00-05:00,24.39,25.822,24.35,25.778,147634629.0
2025-12-25T00:00:00-05:00,25.154,25.2,24.189,24.389,114617488.0
2025-12-24T00:00:00-05:00,23.973,25.23,23.62,25.154,154960881.0
2025-12-23T00:00:00-05:00,24.877,24.997,23.657,23.973,196040128.0
2025-12-22T00:00:00-05:00,24.836,25.674,24.417,24.875,246300571.0
2025-12-21T00:00:00-05:00,24.003,24.837,23.595,24.836,155626832.0
2025-12-20T00:00:00-05:00,24.87,25.523,23.807,24.002,155268336.0
2025-12-19T00:00:00-05:00,22.457,25.09,22.196,24.87,358810699.0
2025-12-18T00:00:00-05:00,24.483,25.263,22.441,22.454,535876640.0
2025-12-17T00:00:00-05:00,26.801,28.302,24.237,24.483,548550599.0
2025-12-16T00:00:00-05:00,27.612,27.67,26.057,26.801,355960096.0
2025-12-15T00:00:00-05:00,28.831,29.576,27.195,27.612,371893504.0
2025-12-14T00:00:00-05:00,29.581,29.894,28.345,28.831,241705296.0
2025-12-13T00:00:00-05:00,28.608,29.733,27.938,29.581,168548227.0
2025-12-12T00:00:00-05:00,29.128,30.246,28.336,28.609,305667120.0
2025-12-11T00:00:00-05:00,28.83,29.22,26.897,29.129,337319686.0
2025-12-10T00:00:00-05:00,27.913,29.973,27.639,28.83,303978656.0
2025-12-09T00:00:00-05:00,29.499,29.531,27.447,27.914,406611925.0
2025-12-08T00:00:00-05:00,29.744,30.958,28.677,29.499,308991200.0
2025-12-07T00:00:00-05:00,30.972,31.231,28.167,29.744,384651200.0
2025-12-06T00:00:00-05:00,30.986,31.5,30.623,30.974,335169379.0
2025-12-05T00:00:00-05:00,33.55,33.906,30.504,30.986,313868080.0
2025-12-04T00:00:00-05:00,34.69,36.179,33.098,33.548,352450695.0
2025-12-03T00:00:00-05:00,33.842,35.363,33.377,34.689,450478732.0
2025-12-02T00:00:00-05:00,31.014,34.377,30.356,33.842,464036543.0
2025-12-01T00:00:00-05:00,31.953,32.075,29.231,31.014,464036543.0
2025-11-30T00:00:00-05:00,34.346,34.545,31.885,31.953,366818816.0
2025-11-29T00:00:00-05:00,34.937,36.432,34.068,34.346,338222559.0
2025-11-28T00:00:00-05:00,34.734,36.777,33.807,34.938,357860382.0
2025-11-27T00:00:00-05:00,36.241,36.493,34.516,34.734,275736858.0
2025-11-26T00:00:00-05:00,33.745,36.348,33.033,36.239,415157814.0
2025-11-25T00:00:00-05:00,33.721,34.461,31.815,33.745,512427232.0
2025-11-24T00:00:00-05:00,31.869,34.619,30.42,33.721,492800266.0
2025-11-23T00:00:00-05:00,29.983,32.634,29.628,31.869,459805184.0
2025-11-22T00:00:00-05:00,33.828,34.497,29.377,29.985,541348800.0
2025-11-21T00:00:00-05:00,37.538,38.516,31.658,33.825,891752888.0
2025-11-20T00:00:00-05:00,38.857,39.774,37.366,37.538,452667136.0
2025-11-19T00:00:00-05:00,38.638,39.1,37.151,38.857,443440192.0
2025-11-18T00:00:00-05:00,39.274,41.588,38.236,38.638,650072866.0
2025-11-17T00:00:00-05:00,38.687,39.278,37.107,39.274,500486016.0
2025-11-16T00:00:00-05:00,38.566,40.464,37.494,38.689,382629952.0
2025-11-15T00:00:00-05:00,37.477,39.524,37.297,38.566,363194581.0
2025-11-14T00:00:00-05:00,38.553,38.587,36.016,37.474,548659514.0
2025-11-13T00:00:00-05:00,38.359,39.855,36.645,38.552,548659514.0
2025-11-12T00:00:00-05:00,38.685,40.807,37.538,38.359,439661495.0
2025-11-11T00:00:00-05:00,41.422,41.949,38.48,38.678,439661495.0
2025-11-10T00:00:00-05:00,41.798,43.184,40.835,41.424,439661495.0
2025-11-09T00:00:00-05:00,40.118,42.765,39.226,41.798,411847090.0
2025-11-08T00:00:00-05:00,42.208,43.198,39.657,40.118,411847090.0
2025-11-07T00:00:00-05:00,38.511,43.293,37.985,42.206,663462383.0
2025-11-06T00:00:00-05:00,41.345,41.356,37.619,38.512,663462383.0
2025-11-05T00:00:00-05:00,38.978,42.189,37.475,41.345,1102891167.0
2025-11-04T00:00:00-05:00,40.166,40.789,35.445,38.978,1173796736.0
2025-11-03T00:00:00-05:00,42.44,42.724,38.345,40.167,1102891167.0
2025-11-02T00:00:00-04:00,43.276,43.42,41.087,42.44,420422720.0
2025-11-01T00:00:00-04:00,43.668,44.453,42.743,43.275,390114559.0
2025-10-31T00:00:00-04:00,45.405,46.228,42.382,43.667,654835794.0
2025-10-30T00:00:00-04:00,48.007,50.102,42.72,45.405,1034865024.0
2025-10-29T00:00:00-04:00,47.711,49.846,45.936,48.007,1028319722.0
2025-10-28T00:00:00-04:00,46.575,49.377,46.033,47.709,739211514.0
2025-10-27T00:00:00-04:00,47.312,49.339,45.48,46.574,647523008.0
2025-10-26T00:00:00-04:00,44.237,48.604,43.55,47.312,593435639.0
2025-10-25T00:00:00-04:00,39.33,44.664,38.903,44.237,408201344.0
2025-10-24T00:00:00-04:00,40.213,40.868,38.733,39.33,331841324.0
2025-10-23T00:00:00-04:00,36.244,40.747,36.173,40.209,687417691.0
2025-10-22T00:00:00-04:00,35.395,36.784,34.491,36.244,664543680.0
2025-10-21T00:00:00-04:00,37.958,38.363,35.201,35.387,610565120.0
2025-10-20T00:00:00-04:00,37.412,39.579,36.747,37.958,418840963.0
2025-10-19T00:00:00-04:00,36.871,38.531,35.767,37.408,339282112.0
2025-10-18T00:00:00-04:00,35.494,36.923,34.647,36.871,304505440.0
2025-10-17T00:00:00-04:00,36.828,37.559,33.322,35.494,752800973.0
2025-10-16T00:00:00-04:00,37.427,39.515,36.32,36.828,644329600.0
2025-10-15T00:00:00-04:00,39.426,41.195,36.885,37.426,597477955.0
2025-10-14T00:00:00-04:00,42.477,43.188,37.431,39.426,830743386.0
2025-10-13T00:00:00-04:00,39.679,43.645,38.222,42.478,865722624.0
2025-10-12T00:00:00-04:00,36.888,40.96,35.985,39.679,717388114.0
2025-10-11T00:00:00-04:00,37.694,41.013,35.207,36.888,1172404041.0
2025-10-10T00:00:00-04:00,43.961,45.405,23.503,37.694,1389944704.0
2025-10-09T00:00:00-04:00,46.634,46.771,42.382,43.961,525739407.0
2025-10-08T00:00:00-04:00,45.119,47.318,44.865,46.634,407650536.0
2025-10-07T00:00:00-04:00,47.214,47.724,44.552,45.118,647507665.0
2025-10-06T00:00:00-04:00,48.205,49.667,47.21,47.215,674033664.0
2025-10-05T00:00:00-04:00,49.143,51.448,47.353,48.205,543501706.0
2025-10-04T00:00:00-04:00,49.425,49.572,47.72,49.141,543501706.0
2025-10-03T00:00:00-04:00,50.796,50.869,48.509,49.424,644235776.0
2025-10-02T00:00:00-04:00,47.215,51.066,47.021,50.796,644235776.0
2025-10-01T00:00:00-04:00,45.221,48.077,44.564,47.218,517441552.0
2025-09-30T00:00:00-04:00,46.205,46.481,43.504,45.221,439351527.0
2025-09-29T00:00:00-04:00,47.165,48.099,44.988,46.205,439351527.0
2025-09-28T00:00:00-04:00,45.763,47.309,42.939,47.163,307868160.0
2025-09-27T00:00:00-04:00,44.814,46.561,43.068,45.757,352665389.0
2025-09-26T00:00:00-04:00,40.377,45.635,40.376,44.814,623741199.0
2025-09-25T00:00:00-04:00,45.639,45.999,39.744,40.377,794020094.0
2025-09-24T00:00:00-04:00,44.641,46.743,43.245,45.639,581835584.0
2025-09-23T00:00:00-04:00,47.244,48.925,44.378,44.641,474813241.0
2025-09-22T00:00:00-04:00,50.857,51.274,46.384,47.244,621567181.0
2025-09-21T00:00:00-04:00,54.2,54.33,50.653,50.857,428889120.0
2025-09-20T00:00:00-04:00,56.136,56.62,53.819,54.203,357504114.0
2025-09-19T00:00:00-04:00,58.614,59.214,55.215,56.136,389759471.0
2025-09-18T00:00:00-04:00,57.763,59.457,57.282,58.614,389759471.0
2025-09-17T00:00:00-04:00,54.458,58.01,53.865,57.765,455031392.0
2025-09-16T00:00:00-04:00,54.022,54.61,52.28,54.458,383741175.0
2025-09-15T00:00:00-04:00,53.708,54.631,52.068,54.022,316498032.0
2025-09-14T00:00:00-04:00,54.498,55.316,53.539,53.708,339945304.0
2025-09-13T00:00:00-04:00,55.266,56.849,54.256,54.498,339945304.0
2025-09-12T00:00:00-04:00,57.042,57.444,54.821,55.271,409683968.0
2025-09-11T00:00:00-04:00,55.474,57.194,53.061,57.042,610472640.0
2025-09-10T00:00:00-04:00,53.282,56.069,52.56,55.474,608712152.0
2025-09-09T00:00:00-04:00,50.86,55.187,50.528,53.282,443959469.0
2025-09-08T00:00:00-04:00,47.099,51.908,46.959,50.859,443959469.0
2025-09-07T00:00:00-04:00,46.0,47.692,45.996,47.099,121119232.0
2025-09-06T00:00:00-04:00,47.221,47.847,45.446,46.0,119484267.0
2025-09-05T00:00:00-04:00,45.348,47.697,45.076,47.221,262416536.0
2025-09-04T00:00:00-04:00,45.844,46.362,44.446,45.348,228606046.0
2025-09-03T00:00:00-04:00,44.875,46.469,44.262,45.845,226422882.0
2025-09-02T00:00:00-04:00,43.129,45.04,42.972,44.875,255438535.0
2025-09-01T00:00:00-04:00,44.282,45.465,42.53,43.129,255438535.0
2025-08-31T00:00:00-04:00,44.071,45.375,44.051,44.282,183013493.0
2025-08-30T00:00:00-04:00,44.43,44.899,43.285,44.071,154534886.0
2025-08-29T00:00:00-04:00,45.599,46.125,43.34,44.428,329543673.0
2025-08-28T00:00:00-04:00,46.975,49.015,45.567,45.6,410355736.0
2025-08-27T00:00:00-04:00,48.778,51.121,46.839,46.977,410355736.0
2025-08-26T00:00:00-04:00,42.97,49.738,42.38,48.778,364231472.0
2025-08-25T00:00:00-04:00,46.032,47.337,42.544,42.97,364231472.0
2025-08-24T00:00:00-04:00,44.861,46.896,43.389,46.032,223440065.0
2025-08-23T00:00:00-04:00,45.295,45.308,43.243,44.861,187648243.0
2025-08-22T00:00:00-04:00,40.436,45.482,40.43,45.295,344905795.0
2025-08-21T00:00:00-04:00,42.961,43.38,40.402,40.436,214763075.0
2025-08-20T00:00:00-04:00,41.305,43.231,40.609,42.961,250184631.0
2025-08-19T00:00:00-04:00,43.348,44.166,40.95,41.305,234450348.0
2025-08-18T00:00:00-04:00,46.043,46.178,42.984,43.347,238442287.0
2025-08-17T00:00:00-04:00,46.317,47.797,45.842,46.043,244845763.0
2025-08-16T00:00:00-04:00,47.802,48.29,46.17,46.317,190832817.0
2025-08-15T00:00:00-04:00,45.504,49.555,45.38,47.802,549241189.0
2025-08-14T00:00:00-04:00,47.601,48.858,43.906,45.504,628418111.0
2025-08-13T00:00:00-04:00,44.742,47.957,43.089,47.601,530744290.0
2025-08-12T00:00:00-04:00,43.178,45.847,42.205,44.742,359400416.0
2025-08-11T00:00:00-04:00,45.268,46.796,42.591,43.178,358181229.0
2025-08-10T00:00:00-04:00,43.651,45.456,42.829,45.268,258044554.0
2025-08-09T00:00:00-04:00,41.024,44.694,40.59,43.651,337774604.0
2025-08-08T00:00:00-04:00,40.898,41.776,40.162,41.025,249618687.0
2025-08-07T00:00:00-04:00,38.081,40.985,37.607,40.9,237578165.0
2025-08-06T00:00:00-04:00,38.506,39.239,36.972,38.081,184532294.0
2025-08-05T00:00:00-04:00,38.801,39.863,37.411,38.506,301122118.0
2025-08-04T00:00:00-04:00,38.176,39.46,37.283,38.799,251065388.0
2025-08-03T00:00:00-04:00,36.903,39.292,36.45,38.172,246602527.0
2025-08-02T00:00:00-04:00,37.622,38.726,35.534,36.902,294992196.0
2025-08-01T00:00:00-04:00,40.841,41.634,36.396,37.622,584607075.0
2025-07-31T00:00:00-04:00,42.235,44.699,40.728,40.841,442048469.0
2025-07-30T00:00:00-04:00,43.531,43.723,40.823,42.235,441565748.0
2025-07-29T00:00:00-04:00,43.756,45.279,42.531,43.531,523441710.0
2025-07-28T00:00:00-04:00,43.664,46.112,42.704,43.756,528642158.0
2025-07-27T00:00:00-04:00,43.366,44.331,42.425,43.66,235033781.0
2025-07-26T00:00:00-04:00,44.161,44.934,43.336,43.371,174881231.0
2025-07-25T00:00:00-04:00,42.093,44.207,41.176,44.161,415885936.0
2025-07-24T00:00:00-04:00,43.712,44.415,41.546,42.093,387156400.0
2025-07-23T00:00:00-04:00,46.28,46.327,42.443,43.712,405139627.0
2025-07-22T00:00:00-04:00,44.315,46.308,43.056,46.28,457803722.0
2025-07-21T00:00:00-04:00,46.025,47.767,44.077,44.316,433036145.0
2025-07-20T00:00:00-04:00,44.492,47.383,44.212,46.025,381764336.0
2025-07-19T00:00:00-04:00,44.361,45.318,44.019,44.488,0.0
2025-07-18T00:00:00-04:00,45.563,47.401,43.111,44.361,0.0
2025-07-17T00:00:00-04:00,46.968,47.377,44.506,45.563,0.0
2025-07-16T00:00:00-04:00,47.845,48.522,46.484,46.968,0.0
2025-07-15T00:00:00-04:00,47.577,48.332,46.656,47.845,0.0
2025-07-14T00:00:00-04:00,48.927,49.886,46.492,47.577,0.0
2025-07-13T00:00:00-04:00,47.107,49.281,46.944,48.926,0.0
2025-07-12T00:00:00-04:00,46.362,47.374,45.112,47.107,0.0
2025-07-11T00:00:00-04:00,43.823,46.915,43.399,46.362,0.0
2025-07-10T00:00:00-04:00,40.698,44.05,40.539,43.82,0.0
2025-07-09T00:00:00-04:00,38.825,41.041,38.771,40.707,0.0
2025-07-08T00:00:00-04:00,38.583,39.101,37.001,38.824,0.0
2025-07-07T00:00:00-04:00,39.852,40.18,38.231,38.583,0.0
2025-07-06T00:00:00-04:00,39.141,40.066,38.633,39.853,0.0
2025-07-05T00:00:00-04:00,38.996,39.657,38.311,39.141,0.0
2025-07-04T00:00:00-04:00,40.248,40.436,37.575,38.996,0.0
2025-07-03T00:00:00-04:00,39.858,41.196,39.617,40.248,0.0
2025-07-02T00:00:00-04:00,36.924,40.349,36.858,39.859,0.0
2025-07-01T00:00:00-04:00,39.539,39.772,36.847,36.924,0.0
2025-06-30T00:00:00-04:00,39.756,41.196,39.146,39.539,0.0
2025-06-29T00:00:00-04:00,37.8,39.871,37.496,39.756,0.0
2025-06-28T00:00:00-04:00,36.606,37.901,36.245,37.8,0.0
2025-06-27T00:00:00-04:00,35.81,37.274,35.368,36.606,0.0
2025-06-26T00:00:00-04:00,37.047,38.116,35.758,35.807,0.0
2025-06-25T00:00:00-04:00,37.552,39.111,36.715,37.047,0.0
2025-06-24T00:00:00-04:00,38.244,38.938,36.32,37.552,0.0
2025-06-23T00:00:00-04:00,35.744,38.49,33.285,38.244,0.0
2025-06-22T00:00:00-04:00,34.448,36.058,31.581,35.744,0.0
2025-06-21T00:00:00-04:00,33.365,35.302,30.986,34.45,0.0
2025-06-20T00:00:00-04:00,36.865,37.873,33.078,33.365,0.0
2025-06-19T00:00:00-04:00,39.437,39.951,35.81,36.863,0.0
2025-06-18T00:00:00-04:00,39.957,41.108,37.57,39.437,0.0
2025-06-17T00:00:00-04:00,41.873,43.518,38.299,39.957,0.0
2025-06-16T00:00:00-04:00,41.182,45.799,40.676,41.873,0.0
2025-06-15T00:00:00-04:00,40.11,41.446,39.684,41.182,0.0
2025-06-14T00:00:00-04:00,42.282,42.676,38.865,40.11,0.0
2025-06-13T00:00:00-04:00,40.508,42.687,37.318,42.282,0.0
2025-06-12T00:00:00-04:00,41.818,43.889,40.32,40.507,0.0
2025-06-11T00:00:00-04:00,42.195,44.052,40.711,41.818,0.0
2025-06-10T00:00:00-04:00,38.849,42.349,38.477,42.192,0.0
2025-06-09T00:00:00-04:00,34.976,38.942,34.722,38.849,0.0
2025-06-08T00:00:00-04:00,34.931,36.298,34.493,34.975,0.0
2025-06-07T00:00:00-04:00,33.33,35.152,33.034,34.931,0.0
2025-06-06T00:00:00-04:00,33.991,35.582,33.095,33.336,0.0
2025-06-05T00:00:00-04:00,35.625,36.391,32.622,33.988,0.0
2025-06-04T00:00:00-04:00,36.076,37.199,34.517,35.625,0.0
2025-06-03T00:00:00-04:00,36.479,38.219,35.667,36.075,0.0
2025-06-02T00:00:00-04:00,34.163,36.657,32.419,36.479,0.0
2025-06-01T00:00:00-04:00,32.695,34.281,31.514,34.163,0.0
2025-05-31T00:00:00-04:00,32.798,33.643,30.783,32.694,0.0
2025-05-30T00:00:00-04:00,31.396,34.285,30.643,32.798,0.0
2025-05-29T00:00:00-04:00,34.304,35.152,31.353,31.396,0.0
2025-05-28T00:00:00-04:00,35.766,36.345,32.576,34.304,0.0
2025-05-27T00:00:00-04:00,37.133,38.8,35.619,35.766,0.0
2025-05-26T00:00:00-04:00,39.092,39.974,36.541,37.133,0.0
2025-05-25T00:00:00-04:00,34.792,39.436,33.69,39.085,0.0
2025-05-24T00:00:00-04:00,33.046,36.516,32.166,34.792,0.0
2025-05-23T00:00:00-04:00,33.434,37.545,32.327,33.046,0.0
2025-05-22T00:00:00-04:00,28.325,34.103,28.224,33.434,0.0
2025-05-21T00:00:00-04:00,26.525,28.338,26.08,28.325,0.0
2025-05-20T00:00:00-04:00,26.544,27.007,25.503,26.525,0.0
2025-05-19T00:00:00-04:00,27.119,27.33,25.13,26.554,0.0
2025-05-18T00:00:00-04:00,25.937,27.339,25.86,27.119,0.0
2025-05-17T00:00:00-04:00,26.826,27.702,25.686,25.922,0.0
2025-05-16T00:00:00-04:00,26.168,28.256,25.817,26.826,0.0
2025-05-15T00:00:00-04:00,25.218,26.261,24.314,26.168,0.0
2025-05-14T00:00:00-04:00,25.78,26.212,24.648,25.217,0.0
2025-05-13T00:00:00-04:00,24.821,26.404,23.418,25.779,0.0
2025-05-12T00:00:00-04:00,24.863,25.665,23.269,24.822,0.0
2025-05-11T00:00:00-04:00,26.254,26.5,23.74,24.877,0.0
2025-05-10T00:00:00-04:00,24.64,26.318,24.306,26.252,0.0
2025-05-09T00:00:00-04:00,23.313,25.75,22.942,24.64,0.0
2025-05-08T00:00:00-04:00,21.05,23.539,20.856,23.312,0.0
2025-05-07T00:00:00-04:00,20.966,21.46,20.688,21.05,0.0
2025-05-06T00:00:00-04:00,20.287,21.127,19.548,20.967,0.0
2025-05-05T00:00:00-04:00,19.913,20.755,19.809,20.29,0.0
2025-05-04T00:00:00-04:00,20.948,21.209,19.766,19.913,0.0
2025-05-03T00:00:00-04:00,20.824,21.515,20.073,20.948,0.0
2025-05-02T00:00:00-04:00,19.941,21.455,19.902,20.824,0.0
2025-05-01T00:00:00-04:00,20.015,21.176,19.264,19.941,0.0
2025-04-30T00:00:00-04:00,18.622,20.131,17.642,20.015,0.0
2025-04-29T00:00:00-04:00,18.672,19.14,18.181,18.622,0.0
2025-04-28T00:00:00-04:00,17.394,18.741,16.911,18.672,0.0
2025-04-27T00:00:00-04:00,17.934,18.234,17.345,17.395,0.0
2025-04-26T00:00:00-04:00,18.402,18.461,17.493,17.934,0.0
2025-04-25T00:00:00-04:00,18.79,19.187,18.161,18.403,0.0
2025-04-24T00:00:00-04:00,18.488,19.028,17.723,18.792,0.0
2025-04-23T00:00:00-04:00,19.201,19.248,18.085,18.488,0.0
2025-04-22T00:00:00-04:00,18.226,19.29,17.862,19.201,0.0
2025-04-21T00:00:00-04:00,17.627,18.472,17.242,18.226,0.0
2025-04-20T00:00:00-04:00,18.098,18.518,17.162,17.627,0.0
2025-04-19T00:00:00-04:00,17.1,18.274,16.718,18.092,0.0
2025-04-18T00:00:00-04:00,17.19,17.444,16.362,17.1,0.0
2025-04-17T00:00:00-04:00,15.771,17.24,15.526,17.19,0.0
2025-04-16T00:00:00-04:00,15.061,16.271,14.659,15.771,0.0
2025-04-15T00:00:00-04:00,15.735,16.612,15.031,15.061,0.0
2025-04-14T00:00:00-04:00,15.401,16.349,15.316,15.734,0.0
2025-04-13T00:00:00-04:00,16.332,16.848,14.988,15.401,0.0
2025-04-12T00:00:00-04:00,15.7,16.819,15.133,16.332,0.0
2025-04-11T00:00:00-04:00,14.179,16.016,13.772,15.701,0.0
2025-04-10T00:00:00-04:00,13.575,14.511,13.137,14.179,0.0
2025-04-09T00:00:00-04:00,11.233,14.421,11.107,13.576,0.0
2025-04-08T00:00:00-04:00,11.49,12.622,10.725,11.235,0.0
2025-04-07T00:00:00-04:00,10.267,11.925,9.328,11.486,0.0
2025-04-06T00:00:00-04:00,12.031,12.082,10.021,10.267,0.0
2025-04-05T00:00:00-04:00,11.881,12.197,11.432,12.032,0.0
2025-04-04T00:00:00-04:00,11.693,12.378,11.063,11.881,0.0
2025-04-03T00:00:00-04:00,11.773,12.617,11.058,11.694,0.0
2025-04-02T00:00:00-04:00,13.314,14.437,11.691,11.773,0.0
2025-04-01T00:00:00-04:00,12.995,13.948,12.941,13.31,0.0
2025-03-31T00:00:00-04:00,12.479,13.479,12.19,12.995,0.0
2025-03-30T00:00:00-04:00,12.798,12.985,12.195,12.478,0.0
2025-03-29T00:00:00-04:00,13.397,13.58,12.368,12.798,0.0
2025-03-28T00:00:00-04:00,14.611,14.903,13.021,13.398,0.0
2025-03-27T00:00:00-04:00,14.048,15.136,13.975,14.611,0.0
2025-03-26T00:00:00-04:00,16.049,16.407,12.442,14.048,0.0
2025-03-25T00:00:00-04:00,16.761,17.003,15.899,16.05,0.0
2025-03-24T00:00:00-04:00,16.302,17.341,15.74,16.761,0.0
2025-03-23T00:00:00-04:00,15.575,16.337,15.472,16.302,0.0
2025-03-22T00:00:00-04:00,15.909,16.708,15.415,15.575,0.0
2025-03-21T00:00:00-04:00,14.146,15.917,13.882,15.908,0.0
2025-03-20T00:00:00-04:00,15.604,15.79,13.98,14.147,0.0
2025-03-19T00:00:00-04:00,14.164,15.781,13.784,15.604,0.0
2025-03-18T00:00:00-04:00,13.252,14.322,12.868,14.164,0.0
2025-03-17T00:00:00-04:00,12.969,14.053,12.963,13.252,0.0
2025-03-16T00:00:00-04:00,14.379,14.406,12.812,12.969,0.0
2025-03-15T00:00:00-04:00,13.778,14.79,13.772,14.379,0.0
2025-03-14T00:00:00-04:00,12.319,14.502,12.285,13.778,0.0
2025-03-13T00:00:00-04:00,13.159,13.646,12.078,12.321,0.0
2025-03-12T00:00:00-04:00,13.779,14.244,12.428,13.159,0.0
2025-03-11T00:00:00-04:00,13.465,14.745,12.953,13.779,0.0
2025-03-10T00:00:00-04:00,14.418,15.368,13.228,13.466,0.0
2025-03-09T00:00:00-05:00,15.108,15.571,14.22,14.418,0.0
2025-03-08T00:00:00-05:00,15.139,16.053,15.013,15.108,0.0
2025-03-07T00:00:00-05:00,15.394,16.439,14.649,15.138,0.0
2025-03-06T00:00:00-05:00,17.182,17.577,14.989,15.397,0.0
2025-03-05T00:00:00-05:00,17.096,17.93,16.353,17.184,0.0
2025-03-04T00:00:00-05:00,17.919,18.1,15.379,17.096,0.0
2025-03-03T00:00:00-05:00,20.526,21.064,17.463,17.906,0.0
2025-03-02T00:00:00-05:00,19.609,21.001,18.223,20.526,0.0
2025-03-01T00:00:00-05:00,19.925,20.513,18.828,19.607,0.0
2025-02-28T00:00:00-05:00,20.9,20.932,18.519,19.925,0.0
2025-02-27T00:00:00-05:00,19.573,21.213,19.572,20.893,0.0
2025-02-26T00:00:00-05:00,20.202,21.426,18.427,19.573,0.0
2025-02-25T00:00:00-05:00,19.931,20.845,17.038,20.202,0.0
2025-02-24T00:00:00-05:00,23.203,23.479,19.865,19.929,0.0
2025-02-23T00:00:00-05:00,24.835,24.852,22.816,23.202,0.0
2025-02-22T00:00:00-05:00,24.997,25.146,24.216,24.835,0.0
2025-02-21T00:00:00-05:00,24.491,25.876,23.682,24.997,0.0
2025-02-20T00:00:00-05:00,24.051,25.21,24.017,24.491,0.0
2025-02-19T00:00:00-05:00,24.087,24.517,22.574,24.051,0.0
2025-02-18T00:00:00-05:00,25.403,27.691,22.308,24.087,0.0
2025-02-17T00:00:00-05:00,26.821,26.986,24.9,25.405,0.0
2025-02-16T00:00:00-05:00,25.737,26.942,25.608,26.822,0.0
2025-02-15T00:00:00-05:00,26.237,26.89,25.362,25.734,0.0
2025-02-14T00:00:00-05:00,26.281,28.461,25.825,26.237,0.0
2025-02-13T00:00:00-05:00,25.836,26.305,24.622,26.281,0.0
2025-02-12T00:00:00-05:00,23.543,25.839,22.562,25.833,0.0
2025-02-11T00:00:00-05:00,23.375,24.926,22.943,23.543,0.0
2025-02-10T00:00:00-05:00,22.99,24.256,22.224,23.376,0.0
2025-02-09T00:00:00-05:00,23.443,24.039,22.121,22.99,0.0
2025-02-08T00:00:00-05:00,22.87,23.859,22.225,23.442,0.0
2025-02-07T00:00:00-05:00,23.875,25.175,22.1,22.87,0.0
2025-02-06T00:00:00-05:00,24.756,26.214,23.595,23.875,0.0
2025-02-05T00:00:00-05:00,25.145,27.415,24.225,24.758,0.0
2025-02-04T00:00:00-05:00,25.194,26.899,23.854,25.145,0.0
2025-02-03T00:00:00-05:00,22.348,26.005,19.944,25.195,0.0
2025-02-02T00:00:00-05:00,23.204,24.35,20.605,22.347,0.0
2025-02-01T00:00:00-05:00,26.951,27.749,22.873,23.215,0.0
2025-01-31T00:00:00-05:00,27.245,28.391,25.75,26.951,0.0
2025-01-30T00:00:00-05:00,23.727,27.933,23.35,27.245,0.0
2025-01-29T00:00:00-05:00,22.244,24.379,21.927,23.721,0.0
2025-01-28T00:00:00-05:00,23.342,24.436,21.526,22.249,0.0
2025-01-27T00:00:00-05:00,22.164,23.586,20.161,23.34,0.0
2025-01-26T00:00:00-05:00,23.162,24.889,22.156,22.164,0.0
2025-01-25T00:00:00-05:00,23.067,23.915,21.753,23.162,0.0
2025-01-24T00:00:00-05:00,21.951,24.977,21.148,23.067,0.0
2025-01-23T00:00:00-05:00,24.303,25.225,21.551,21.951,0.0
2025-01-22T00:00:00-05:00,23.19,27.041,23.011,24.303,0.0
2025-01-21T00:00:00-05:00,20.512,25.033,20.046,23.19,0.0
2025-01-20T00:00:00-05:00,20.352,22.748,19.348,20.518,0.0
2025-01-19T00:00:00-05:00,21.952,23.731,19.277,20.345,0.0
2025-01-18T00:00:00-05:00,23.086,23.108,19.273,21.951,0.0
2025-01-17T00:00:00-05:00,23.475,24.097,22.715,23.087,0.0
2025-01-16T00:00:00-05:00,24.368,24.414,23.101,23.475,0.0
2025-01-15T00:00:00-05:00,22.953,24.401,22.112,24.368,0.0
2025-01-14T00:00:00-05:00,21.618,23.52,21.231,22.953,0.0
2025-01-13T00:00:00-05:00,21.128,23.276,18.877,21.618,0.0
2025-01-12T00:00:00-05:00,20.879,21.981,19.985,21.128,0.0
2025-01-11T00:00:00-05:00,20.653,21.294,19.629,20.879,0.0
2025-01-10T00:00:00-05:00,20.256,22.199,19.762,20.653,0.0
2025-01-09T00:00:00-05:00,22.543,23.973,18.478,20.255,0.0
2025-01-08T00:00:00-05:00,23.514,23.973,20.149,22.546,0.0
2025-01-07T00:00:00-05:00,25.21,26.301,22.779,23.521,0.0
2025-01-06T00:00:00-05:00,24.4,26.227,24.025,25.21,0.0
2025-01-05T00:00:00-05:00,25.009,25.796,24.142,24.4,0.0
2025-01-04T00:00:00-05:00,24.448,25.45,23.169,25.009,0.0
2025-01-03T00:00:00-05:00,23.17,24.743,21.569,24.448,0.0
2025-01-02T00:00:00-05:00,26.304,26.757,22.55,23.167,0.0
2025-01-01T00:00:00-05:00,23.972,26.5,23.401,26.304,0.0
2024-12-31T00:00:00-05:00,26.968,27.115,23.06,23.993,0.0
2024-12-30T00:00:00-05:00,27.442,29.319,26.496,26.962,0.0
2024-12-29T00:00:00-05:00,29.244,29.46,26.608,27.448,0.0
2024-12-28T00:00:00-05:00,27.085,29.299,25.843,29.244,0.0
2024-12-27T00:00:00-05:00,27.188,28.872,25.727,27.093,0.0
2024-12-26T00:00:00-05:00,26.606,27.187,23.9,27.187,0.0
2024-12-25T00:00:00-05:00,29.77405,30.44388,26.231,26.606,0.0
2024-12-24T00:00:00-05:00,28.56334,31.63346,27.44908,29.77405,0.0
2024-12-23T00:00:00-05:00,28.44588,29.8741,25.23093,28.55403,0.0
2024-12-22T00:00:00-05:00,32.14617,35.17838,27.39403,28.43726,0.0
2024-12-21T00:00:00-05:00,29.76862,35.37602,28.95149,32.08128,0.0
2024-12-20T00:00:00-05:00,24.92345,31.8675,22.91618,29.75609,0.0
2024-12-19T00:00:00-05:00,23.21196,27.23652,21.50171,24.92935,0.0
2024-12-18T00:00:00-05:00,25.622,27.53338,18.57353,23.22133,0.0
2024-12-17T00:00:00-05:00,27.23568,29.0938,23.79199,25.62583,0.0
2024-12-16T00:00:00-05:00,23.93568,28.70189,23.01173,27.25258,0.0
2024-12-15T00:00:00-05:00,24.24362,25.1442,21.16879,23.94562,0.0
2024-12-14T00:00:00-05:00,19.47663,25.45467,19.09216,24.24762,0.0
2024-12-13T00:00:00-05:00,18.09325,19.8917,17.00664,19.47593,0.0
2024-12-12T00:00:00-05:00,16.15264,30.11943,15.68119,18.09733,0.0
2024-12-11T00:00:00-05:00,13.60531,16.73597,13.09306,16.14262,0.0
2024-12-10T00:00:00-05:00,13.51903,14.60468,12.59947,13.60308,0.0
2024-12-09T00:00:00-05:00,14.05294,14.37372,12.13268,13.52048,0.0
2024-12-08T00:00:00-05:00,14.15963,14.80224,13.50715,14.04405,0.0
2024-12-07T00:00:00-05:00,13.83102,16.09105,12.43061,14.16631,0.0
2024-12-06T00:00:00-05:00,12.65964,14.37691,12.31441,13.83102,0.0
2024-12-05T00:00:00-05:00,11.38744,13.93213,10.44338,12.65994,0.0
2024-12-04T00:00:00-05:00,11.7537,12.33139,10.7701,11.38744,0.0
